[
  {
    "id": "2c88a136-fed4-42a9-abb3-f0b73de10a77",
    "data": [
      {
        "text": "como",
        "alias": "progress",
        "meta": "@Progress",
        "userDefined": false
      },
      {
        "text": "?",
        "userDefined": false
      }
    ],
    "isTemplate": false,
    "count": 0,
    "updated": 0
  },
  {
    "id": "1563d72d-0a42-47ce-b29f-453121518f2c",
    "data": [
      {
        "text": "sim",
        "alias": "progress",
        "meta": "@Progress",
        "userDefined": false
      }
    ],
    "isTemplate": false,
    "count": 0,
    "updated": 0
  },
  {
    "id": "f89de417-d696-4b59-87e2-7fd0859507ba",
    "data": [
      {
        "text": "Retroceder",
        "alias": "progress",
        "meta": "@Progress",
        "userDefined": true
      },
      {
        "text": " ",
        "userDefined": false
      },
      {
        "text": "5",
        "alias": "steps",
        "meta": "@sys.number-integer",
        "userDefined": false
      }
    ],
    "isTemplate": false,
    "count": 0,
    "updated": 0
  },
  {
    "id": "1bd9c072-25b1-435e-8b62-c44778b82f92",
    "data": [
      {
        "text": "avançar",
        "alias": "progress",
        "meta": "@Progress",
        "userDefined": false
      },
      {
        "text": " ",
        "userDefined": false
      },
      {
        "text": "10",
        "alias": "steps",
        "meta": "@sys.number-integer",
        "userDefined": false
      }
    ],
    "isTemplate": false,
    "count": 0,
    "updated": 0
  },
  {
    "id": "e0d0d618-955c-4b0a-82e1-1a1a5d6f54c0",
    "data": [
      {
        "text": "Mais",
        "alias": "progress",
        "meta": "@Progress",
        "userDefined": false
      },
      {
        "text": " ",
        "userDefined": false
      },
      {
        "text": "1",
        "alias": "steps",
        "meta": "@sys.number-integer",
        "userDefined": false
      }
    ],
    "isTemplate": false,
    "count": 0,
    "updated": 0
  },
  {
    "id": "4e30db4e-1c13-4a1f-8322-d40f1ff71baf",
    "data": [
      {
        "text": "Voltar",
        "alias": "progress",
        "meta": "@Progress",
        "userDefined": false
      },
      {
        "text": " ",
        "userDefined": false
      },
      {
        "text": "1",
        "alias": "steps",
        "meta": "@sys.number-integer",
        "userDefined": false
      }
    ],
    "isTemplate": false,
    "count": 0,
    "updated": 0
  },
  {
    "id": "c07cc6c0-6ed0-4a6a-b04a-b0dddf8bfffd",
    "data": [
      {
        "text": "Repetir",
        "alias": "progress",
        "meta": "@Progress",
        "userDefined": false
      }
    ],
    "isTemplate": false,
    "count": 0,
    "updated": 0
  },
  {
    "id": "cec2dd96-2e48-400e-a58b-a7e9125cb0a9",
    "data": [
      {
        "text": "Ditar ",
        "userDefined": false
      },
      {
        "text": "Próximo",
        "alias": "progress",
        "meta": "@Progress",
        "userDefined": true
      }
    ],
    "isTemplate": false,
    "count": 0,
    "updated": 0
  },
  {
    "id": "437ac756-12a8-408e-bfc8-8609ea122af5",
    "data": [
      {
        "text": "Próximo",
        "alias": "progress",
        "meta": "@Progress",
        "userDefined": false
      }
    ],
    "isTemplate": false,
    "count": 0,
    "updated": 0
  }
]