[
  {
    "id": "9a405c3c-7e24-4a78-b686-7c2dafd36cac",
    "data": [
      {
        "text": "mostrar",
        "userDefined": false
      }
    ],
    "isTemplate": false,
    "count": 0,
    "updated": 0
  },
  {
    "id": "0e5df526-5650-45a0-8004-78ab4461b0c9",
    "data": [
      {
        "text": "falar",
        "userDefined": false
      }
    ],
    "isTemplate": false,
    "count": 0,
    "updated": 0
  },
  {
    "id": "8d114084-3b75-428e-b061-cd1da330e2b0",
    "data": [
      {
        "text": "ditar",
        "userDefined": false
      }
    ],
    "isTemplate": false,
    "count": 0,
    "updated": 0
  }
]