[
  {
    "id": "2f565677-5f74-4bf2-b698-6fd72b240686",
    "data": [
      {
        "text": "Exibir ",
        "userDefined": false
      },
      {
        "text": "Modo de Preparo",
        "alias": "dictate",
        "meta": "@dictate",
        "userDefined": false
      }
    ],
    "isTemplate": false,
    "count": 0,
    "updated": 0
  },
  {
    "id": "22f7a8db-e042-4e57-bdc5-ad768663b6e7",
    "data": [
      {
        "text": "Listar ",
        "userDefined": false
      },
      {
        "text": "modo preparo",
        "alias": "dictate",
        "meta": "@dictate",
        "userDefined": false
      }
    ],
    "isTemplate": false,
    "count": 0,
    "updated": 0
  },
  {
    "id": "97b1b795-48b0-41e3-acb1-729b740302f2",
    "data": [
      {
        "text": "Listar ",
        "userDefined": false
      },
      {
        "text": "modo de preparo",
        "alias": "dictate",
        "meta": "@dictate",
        "userDefined": false
      }
    ],
    "isTemplate": false,
    "count": 0,
    "updated": 0
  },
  {
    "id": "ff184c67-8272-468f-ab15-e7867b3d4c97",
    "data": [
      {
        "text": "Mostrar ",
        "userDefined": false
      },
      {
        "text": "Modo de preparo",
        "alias": "dictate",
        "meta": "@dictate",
        "userDefined": false
      }
    ],
    "isTemplate": false,
    "count": 0,
    "updated": 0
  },
  {
    "id": "e9cc732f-6621-4a75-a784-866e97a02d02",
    "data": [
      {
        "text": "Preparar",
        "alias": "dictate",
        "meta": "@dictate",
        "userDefined": true
      }
    ],
    "isTemplate": false,
    "count": 0,
    "updated": 0
  },
  {
    "id": "33230c8d-2f8c-485e-8d42-8d1fe54aee74",
    "data": [
      {
        "text": "Modo Preparo",
        "alias": "dictate",
        "meta": "@dictate",
        "userDefined": false
      }
    ],
    "isTemplate": false,
    "count": 0,
    "updated": 0
  },
  {
    "id": "f0911252-0f0c-440f-b316-70d62fa90058",
    "data": [
      {
        "text": "Preparo",
        "alias": "dictate",
        "meta": "@dictate",
        "userDefined": false
      }
    ],
    "isTemplate": false,
    "count": 0,
    "updated": 0
  },
  {
    "id": "6651d26b-c145-474e-939e-18c955faf5e2",
    "data": [
      {
        "text": "Modo de Preparo",
        "alias": "dictate",
        "meta": "@dictate",
        "userDefined": false
      }
    ],
    "isTemplate": false,
    "count": 0,
    "updated": 0
  }
]