[
  {
    "id": "9a9f2c39-b02e-42cb-b010-b3b5cac2eee6",
    "data": [
      {
        "text": "Ingrediente",
        "meta": "@sys.ignore",
        "userDefined": false
      }
    ],
    "isTemplate": false,
    "count": 0,
    "updated": 0
  },
  {
    "id": "b75eff3b-2b32-47bd-9baf-395deb3f06df",
    "data": [
      {
        "text": "Exibir ",
        "userDefined": false
      },
      {
        "text": "Ingredientes",
        "meta": "@sys.ignore",
        "userDefined": false
      }
    ],
    "isTemplate": false,
    "count": 0,
    "updated": 0
  },
  {
    "id": "04ae25cb-d6da-4240-8e91-8b4f78c6ac21",
    "data": [
      {
        "text": "Quais ",
        "userDefined": false
      },
      {
        "text": "Ingredientes",
        "meta": "@sys.ignore",
        "userDefined": false
      },
      {
        "text": "?",
        "userDefined": false
      }
    ],
    "isTemplate": false,
    "count": 0,
    "updated": 0
  },
  {
    "id": "97e00608-f82b-42b3-b1f8-4ade0c5da06f",
    "data": [
      {
        "text": "Quais são os ",
        "userDefined": false
      },
      {
        "text": "ingredientes",
        "meta": "@sys.ignore",
        "userDefined": false
      },
      {
        "text": "?",
        "userDefined": false
      }
    ],
    "isTemplate": false,
    "count": 0,
    "updated": 0
  },
  {
    "id": "41d2b3c4-f5c5-49c0-ac85-a0c063367687",
    "data": [
      {
        "text": "Listar ",
        "userDefined": false
      },
      {
        "text": "Ingredientes",
        "meta": "@sys.ignore",
        "userDefined": false
      }
    ],
    "isTemplate": false,
    "count": 0,
    "updated": 0
  },
  {
    "id": "60734ca2-075a-4acd-82a8-cf5d7d99e701",
    "data": [
      {
        "text": "Ingredientes",
        "meta": "@sys.ignore",
        "userDefined": false
      }
    ],
    "isTemplate": false,
    "count": 0,
    "updated": 0
  },
  {
    "id": "9f350925-e105-4b88-a077-b83f0f334227",
    "data": [
      {
        "text": "Mostrar ",
        "userDefined": false
      },
      {
        "text": "Ingredientes",
        "meta": "@sys.ignore",
        "userDefined": false
      }
    ],
    "isTemplate": false,
    "count": 0,
    "updated": 0
  }
]