[
  {
    "id": "9be22a29-3991-4945-b20a-da2450637e79",
    "data": [
      {
        "text": "Receita de ",
        "userDefined": false
      },
      {
        "text": "Brigadeiro",
        "alias": "recipe",
        "meta": "@sys.any",
        "userDefined": true
      }
    ],
    "isTemplate": false,
    "count": 0,
    "updated": 0
  },
  {
    "id": "77f644cf-322b-418f-8221-1b1ab21d7cb9",
    "data": [
      {
        "text": "Preparar ",
        "userDefined": false
      },
      {
        "text": "Torta de maçã",
        "alias": "recipe",
        "meta": "@sys.any",
        "userDefined": false
      }
    ],
    "isTemplate": false,
    "count": 0,
    "updated": 0
  },
  {
    "id": "fed9baee-9910-49ec-ba70-6857594d66b8",
    "data": [
      {
        "text": "Torta de maçã",
        "alias": "recipe",
        "meta": "@sys.any",
        "userDefined": false
      }
    ],
    "isTemplate": false,
    "count": 0,
    "updated": 0
  },
  {
    "id": "e8b89b18-3518-4993-84a0-47938e84173f",
    "data": [
      {
        "text": "torta de limão",
        "alias": "recipe",
        "meta": "@sys.any",
        "userDefined": false
      }
    ],
    "isTemplate": false,
    "count": 0,
    "updated": 0
  },
  {
    "id": "7de18746-cec5-4996-b4aa-64bf1cadf733",
    "data": [
      {
        "text": "Bolo de cenoura",
        "alias": "recipe",
        "meta": "@sys.any",
        "userDefined": false
      }
    ],
    "isTemplate": false,
    "count": 0,
    "updated": 0
  },
  {
    "id": "ae2f5c37-7a3c-4fdc-8858-2b7c21351adc",
    "data": [
      {
        "text": "Bolo",
        "alias": "recipe",
        "meta": "@sys.any",
        "userDefined": false
      }
    ],
    "isTemplate": false,
    "count": 0,
    "updated": 0
  },
  {
    "id": "5e7de73c-656d-4a6c-bb1b-b12b09a834e2",
    "data": [
      {
        "text": "Torta de morango",
        "alias": "recipe",
        "meta": "@sys.any",
        "userDefined": false
      }
    ],
    "isTemplate": false,
    "count": 0,
    "updated": 0
  },
  {
    "id": "e0521dd6-478a-4444-85e0-fcb717ec33a4",
    "data": [
      {
        "text": "mostrar receitas ",
        "userDefined": false
      },
      {
        "text": "frango a passarinho",
        "alias": "recipe",
        "meta": "@sys.any",
        "userDefined": true
      }
    ],
    "isTemplate": false,
    "count": 0,
    "updated": 0
  },
  {
    "id": "85f65dbd-5b5e-42d6-9343-7de3c253b5f9",
    "data": [
      {
        "text": "receita de ",
        "userDefined": false
      },
      {
        "text": "torta de morango",
        "alias": "recipe",
        "meta": "@sys.any",
        "userDefined": false
      }
    ],
    "isTemplate": false,
    "count": 0,
    "updated": 0
  },
  {
    "id": "3ecd338d-f974-4d82-b846-b65ab6e51a8b",
    "data": [
      {
        "text": "receitas de ",
        "userDefined": false
      },
      {
        "text": "Bolo de chocolate",
        "alias": "recipe",
        "meta": "@sys.any",
        "userDefined": false
      }
    ],
    "isTemplate": false,
    "count": 0,
    "updated": 0
  },
  {
    "id": "7d400462-2a18-4804-b702-208ac42cafd7",
    "data": [
      {
        "text": "mostrar",
        "meta": "@sys.ignore",
        "userDefined": true
      },
      {
        "text": " ",
        "userDefined": false
      },
      {
        "text": "biscoitos de polvilho azedo",
        "alias": "recipe",
        "meta": "@sys.any",
        "userDefined": true
      }
    ],
    "isTemplate": false,
    "count": 0,
    "updated": 0
  },
  {
    "id": "48339b8e-7918-4b3a-9344-9837d21ff794",
    "data": [
      {
        "text": "encontrar ",
        "userDefined": false
      },
      {
        "text": "arroz carreteieo",
        "alias": "recipe",
        "meta": "@sys.any",
        "userDefined": true
      }
    ],
    "isTemplate": false,
    "count": 0,
    "updated": 0
  },
  {
    "id": "a28d4fe3-cb5b-4cc3-8bd1-9caea824b6ef",
    "data": [
      {
        "text": "encontrar receitas de ",
        "userDefined": false
      },
      {
        "text": "pão de queijo",
        "alias": "recipe",
        "meta": "@sys.any",
        "userDefined": true
      }
    ],
    "isTemplate": false,
    "count": 0,
    "updated": 0
  },
  {
    "id": "e4b2a9b5-6f61-461f-b9e7-340adf6dad9c",
    "data": [
      {
        "text": "buscar ",
        "userDefined": false
      },
      {
        "text": "risotos",
        "alias": "recipe",
        "meta": "@sys.any",
        "userDefined": true
      }
    ],
    "isTemplate": false,
    "count": 0,
    "updated": 0
  },
  {
    "id": "fa48a89c-6fb2-48a9-93b6-9500062cd2cc",
    "data": [
      {
        "text": "buscar receitas de ",
        "userDefined": false
      },
      {
        "text": "macarrão",
        "alias": "recipe",
        "meta": "@sys.any",
        "userDefined": true
      }
    ],
    "isTemplate": false,
    "count": 0,
    "updated": 0
  }
]