[
  {
    "id": "df494a12-4e59-4da7-88d3-d095a9687f67",
    "data": [
      {
        "text": "falar ",
        "userDefined": false
      },
      {
        "text": "instruções",
        "alias": "dictate",
        "meta": "@dictate",
        "userDefined": false
      }
    ],
    "isTemplate": false,
    "count": 0,
    "updated": 0
  },
  {
    "id": "053768bd-ad9b-473c-b83a-be8fbddb3237",
    "data": [
      {
        "text": "falar ",
        "userDefined": false
      },
      {
        "text": "preparo",
        "alias": "dictate",
        "meta": "@dictate",
        "userDefined": false
      }
    ],
    "isTemplate": false,
    "count": 0,
    "updated": 0
  },
  {
    "id": "916e7f36-db73-4d77-afd8-931f189d22d6",
    "data": [
      {
        "text": "ditar ",
        "userDefined": false
      },
      {
        "text": "preparo",
        "alias": "dictate",
        "meta": "@dictate",
        "userDefined": false
      }
    ],
    "isTemplate": false,
    "count": 0,
    "updated": 0
  },
  {
    "id": "4ba1592d-0719-4c3f-a24e-ff5b5d5a76fd",
    "data": [
      {
        "text": "Ditar",
        "userDefined": false
      }
    ],
    "isTemplate": false,
    "count": 0,
    "updated": 0
  },
  {
    "id": "590c598d-7264-4a52-96e2-31492692a38a",
    "data": [
      {
        "text": "Falar ",
        "userDefined": false
      },
      {
        "text": "Modo de Preparo",
        "alias": "dictate",
        "meta": "@dictate",
        "userDefined": false
      }
    ],
    "isTemplate": false,
    "count": 0,
    "updated": 0
  },
  {
    "id": "9644f8c6-db23-40be-8d49-dcff5dfb0b8b",
    "data": [
      {
        "text": "Falar ",
        "userDefined": false
      },
      {
        "text": "Ingredientes",
        "alias": "dictate",
        "meta": "@dictate",
        "userDefined": false
      }
    ],
    "isTemplate": false,
    "count": 0,
    "updated": 0
  },
  {
    "id": "14628697-96c3-40e5-ab7e-f97a1f6beed2",
    "data": [
      {
        "text": "Ditar ",
        "userDefined": false
      },
      {
        "text": "Ingredientes",
        "alias": "dictate",
        "meta": "@dictate",
        "userDefined": false
      }
    ],
    "isTemplate": false,
    "count": 0,
    "updated": 0
  },
  {
    "id": "331e3ce9-5508-49d1-9934-70d871b2591a",
    "data": [
      {
        "text": "Ditar ",
        "userDefined": false
      },
      {
        "text": "Modo Preparo",
        "alias": "dictate",
        "meta": "@dictate",
        "userDefined": false
      }
    ],
    "isTemplate": false,
    "count": 0,
    "updated": 0
  }
]