[
  {
    "value": "Anterior",
    "synonyms": [
      "Anterior",
      "Menos",
      "Outro",
      "Voltar",
      "atrás",
      "retroceder"
    ]
  },
  {
    "value": "Próximo",
    "synonyms": [
      "Mais",
      "avante",
      "avançar",
      "ir para frente",
      "proximo",
      "próximo",
      "sim"
    ]
  },
  {
    "value": "Repetir",
    "synonyms": [
      "Falar de novo",
      "Não entendi",
      "Repetir",
      "como?",
      "de novo",
      "mais uma vez",
      "repete"
    ]
  }
]